Workbook

Sheet دليل الملف
A1: مسودتا قائمة المركز المالي لشركة العراف
A2: التواريخ | B2: 2025-12-31 و2026-08-31
A3: الحالة | B3: للمراجعة فقط؛ غير مدققة وغير معتمدة
A4: العملة | B4: QAR — ريال قطري
A5: المصدر | B5: القيود المرحلة لكل تاريخ؛ دون جمع الرصيد المخزن مرة ثانية
A6: النتيجة غير المقفلة | B6: رصيد الإيرادات ناقص رصيد المصروفات، وليس بالضرورة ربح السنة
A7: العلامات | B7: الرصيد العادي سالب عند وجود رصيد عكسي؛ المبالغ السالبة بين قوسين
A8: اكتمال البيانات | B8: لا تظهر أرصدة مرحلة للسيارات والإهلاك ورأس المال؛ يلزم استكمال المراجعة
A9: تاريخ الاستخراج UTC | B9: 2026-09-17T21:36:31.586095+00:00
A10: SHA256 | B10: ad92b1f42822fcf07bcb1c425402b16d4a75d7dd2daa8e89eb3f905d4cb152eb
A11: تنبيه | B11: توازن الأرقام لا يثبت اكتمال الميزانية؛ راجع ورقة الملاحظات

Sheet أرصدة 2025
A1: رمز الحساب | B1: اسم الحساب | C1: النوع | D1: إجمالي المدين | E1: إجمالي الدائن | F1: صافي مدين ناقص دائن | G1: الرصيد حسب طبيعة النوع | H1: مستوى الحساب | I1: عدد البنود
A2: 1010 | B2: النقدية والبنك | C2: الأصول | D2: 1074904 | E2: 505336.98 | F2: =D2-E2 -> 569566.98 | G2: =F2 -> 569566.98 | H2: 2 | I2: 193
A3: 11111 | B3: صندوق الفرع الرئيسي | C3: الأصول | D3: 1612975 | E3: 11550 | F3: =D3-E3 -> 1601425 | G3: =F3 -> 1601425 | H3: 3 | I3: 1227
A4: 11151 | B4: البنك التجاري - حساب الجاري | C4: الأصول | D4: 2645908.6 | E4: 41160 | F4: =D4-E4 -> 2604748.6 | G4: =F4 -> 2604748.6 | H4: 5 | I4: 1776
A5: 11211 | B5: ايجار منتهي بالتملك | C5: الأصول | D5: 2189220.2 | E5: 4944602.8 | F5: =D5-E5 -> -2755382.6 | G5: =F5 -> -2755382.6 | H5: 5 | I5: 2585
A6: 11213 | B6: عملاء أفراد - متأخرات | C6: الأصول | D6: 167400 | E6: 1500 | F6: =D6-E6 -> 165900 | G6: =F6 -> 165900 | H6: 5 | I6: 102
A7: 11521 | B7: شيكات البنك التجاري | C7: الأصول | D7: 1681312.9 | E7: 1628702.9 | F7: =D7-E7 -> 52610 | G7: =F7 -> 52610 | H7: 5 | I7: 295
A8: 11611 | B8: ضمانات نقدية - أفراد | C8: الأصول | D8: 990773.96 | E8: 990773.96 | F8: =D8-E8 -> 0 | G8: =F8 -> 0 | H8: 5 | I8: 164
A9: 1200 | B9: ذمم العملاء | C9: الأصول | D9: 15276667 | E9: 7217355.9 | F9: =D9-E9 -> 8059311.2 | G9: =F9 -> 8059311.2 | H9: 3 | I9: 9805
A10: 20201 | B10: دفعات مقدمة من العملاء | C10: الالتزامات | D10: 0 | E10: 1499975 | F10: =D10-E10 -> -1499975 | G10: =-F10 -> 1499975 | H10: 3 | I10: 1123
A11: 4101 | B11: إيراد الخدمات | C11: الإيرادات | D11: 2096725.2 | E11: 2138110.2 | F11: =D11-E11 -> -41385 | G11: =-F11 -> 41385 | H11: 2 | I11: 924
A12: 4110 | B12: إيرادات التأجير | C12: الإيرادات | D12: 15450 | E12: 3127183.2 | F12: =D12-E12 -> -3111733.2 | G12: =-F12 -> 3111733.2 | H12: 2 | I12: 1051
A13: 41101 | B13: إيرادات تأجير سيارات شهري | C13: الإيرادات | D13: 3922764 | E13: 9579400 | F13: =D13-E13 -> -5656636 | G13: =-F13 -> 5656636 | H13: 3 | I13: 8448
A14: 51111 | B14: مصروف صيانة المركبات التاريخي | C14: المصروفات | D14: 11550 | E14: 0 | F14: =D14-E14 -> 11550 | G14: =F14 -> 11550 | H14: 3 | I14: 13
B15: إجمالي الحركة | D15: =SUM(D2:D14) -> 31685651 | E15: =SUM(E2:E14) -> 31685651 | F15: =SUM(F2:F14) -> 0 | I15: =SUM(I2:I14) -> 27706

Sheet المركز 2025
A1: مسودة قائمة المركز المالي | B1: 2025-12-31
A2: غير مدققة وغير معتمدة | B2: QAR
A3: البند | B3: رمز الحساب | C3: المبلغ
A4: الأصول
A5: النقدية والبنك | B5: 1010 | C5: ='أرصدة 2025'!G2 -> 569566.98
A6: صندوق الفرع الرئيسي | B6: 11111 | C6: ='أرصدة 2025'!G3 -> 1601425
A7: البنك التجاري - حساب الجاري | B7: 11151 | C7: ='أرصدة 2025'!G4 -> 2604748.6
A8: ايجار منتهي بالتملك | B8: 11211 | C8: ='أرصدة 2025'!G5 -> -2755382.6
A9: عملاء أفراد - متأخرات | B9: 11213 | C9: ='أرصدة 2025'!G6 -> 165900
A10: شيكات البنك التجاري | B10: 11521 | C10: ='أرصدة 2025'!G7 -> 52610
A11: ضمانات نقدية - أفراد | B11: 11611 | C11: ='أرصدة 2025'!G8 -> 0
A12: ذمم العملاء | B12: 1200 | C12: ='أرصدة 2025'!G9 -> 8059311.2
A13: إجمالي الأصول | C13: =SUM(C5:C12) -> 10298179
A14: الالتزامات
A15: دفعات مقدمة من العملاء | B15: 20201 | C15: ='أرصدة 2025'!G10 -> 1499975
A16: إجمالي الالتزامات | C16: =SUM(C15:C15) -> 1499975
A17: حقوق الملكية
A18: لا يظهر رصيد مرحل | C18: =0 -> 0
A19: إجمالي حقوق الملكية | C19: =SUM(C18:C18) -> 0
A20: صافي الإيرادات والمصروفات غير المقفلة | C20: =SUMIF('أرصدة 2025'!C2:C14,"الإيرادات",'أرصدة 2025'!G2:G14)-SUMIF('أرصدة 2025'!C2:C14,"المصروفات",'أرصدة 2025'!G2:G14) -> 8798204.2
A21: حقوق الملكية شاملة النتيجة غير المقفلة | C21: =C19+C20 -> 8798204.2
A22: إجمالي الالتزامات وحقوق الملكية | C22: =C16+C21 -> 10298179
A23: فرق المعادلة | C23: =C13-C22 -> 0

Sheet أرصدة 2026 أغسطس
A1: رمز الحساب | B1: اسم الحساب | C1: النوع | D1: إجمالي المدين | E1: إجمالي الدائن | F1: صافي مدين ناقص دائن | G1: الرصيد حسب طبيعة النوع | H1: مستوى الحساب | I1: عدد البنود
A2: 1010 | B2: النقدية والبنك | C2: الأصول | D2: 1171876 | E2: 782149.98 | F2: =D2-E2 -> 389725.98 | G2: =F2 -> 389725.98 | H2: 2 | I2: 280
A3: 11111 | B3: صندوق الفرع الرئيسي | C3: الأصول | D3: 1801965 | E3: 272352 | F3: =D3-E3 -> 1529613 | G3: =F3 -> 1529613 | H3: 3 | I3: 1562
A4: 11151 | B4: البنك التجاري - حساب الجاري | C4: الأصول | D4: 2987204.6 | E4: 298371 | F4: =D4-E4 -> 2688833.6 | G4: =F4 -> 2688833.6 | H4: 5 | I4: 2181
A5: 11211 | B5: ايجار منتهي بالتملك | C5: الأصول | D5: 4459950.1 | E5: 5865321.8 | F5: =D5-E5 -> -1405371.7 | G5: =F5 -> -1405371.7 | H5: 5 | I5: 4136
A6: 11213 | B6: عملاء أفراد - متأخرات | C6: الأصول | D6: 167400 | E6: 1500 | F6: =D6-E6 -> 165900 | G6: =F6 -> 165900 | H6: 5 | I6: 102
A7: 11521 | B7: شيكات البنك التجاري | C7: الأصول | D7: 1724248.9 | E7: 1647402.9 | F7: =D7-E7 -> 76846 | G7: =F7 -> 76846 | H7: 5 | I7: 330
A8: 11611 | B8: ضمانات نقدية - أفراد | C8: الأصول | D8: 999173.96 | E8: 999173.96 | F8: =D8-E8 -> 0 | G8: =F8 -> 0 | H8: 5 | I8: 172
A9: 1200 | B9: ذمم العملاء | C9: الأصول | D9: 28199556 | E9: 10872884 | F9: =D9-E9 -> 17326672 | G9: =F9 -> 17326672 | H9: 3 | I9: 13237
A10: 20201 | B10: دفعات مقدمة من العملاء | C10: الالتزامات | D10: 631171 | E10: 2867831.9 | F10: =D10-E10 -> -2236660.9 | G10: =-F10 -> 2236660.9 | H10: 3 | I10: 2596
A11: 3100 | B11: الأرباح المحتجزة | C11: حقوق الملكية | D11: 0 | E11: 14623472 | F11: =D11-E11 -> -14623472 | G11: =-F11 -> 14623472 | H11: 2 | I11: 2
A12: 4101 | B12: إيراد الخدمات | C12: الإيرادات | D12: 4184779.2 | E12: 2614264.2 | F12: =D12-E12 -> 1570515 | G12: =-F12 -> -1570515 | H12: 2 | I12: 1015
A13: 4110 | B13: إيرادات التأجير | C13: الإيرادات | D13: 4985968 | E13: 4602187.2 | F13: =D13-E13 -> 383780.83 | G13: =-F13 -> -383780.83 | H13: 2 | I13: 1925
A14: 41101 | B14: إيرادات تأجير سيارات شهري | C14: الإيرادات | D14: 14998358 | E14: 20897230 | F14: =D14-E14 -> -5898872 | G14: =-F14 -> 5898872 | H14: 3 | I14: 10475
A15: 51111 | B15: مصروف صيانة المركبات التاريخي | C15: المصروفات | D15: 32490 | E15: 0 | F15: =D15-E15 -> 32490 | G15: =F15 -> 32490 | H15: 3 | I15: 31
A16: TVF-EXP-24bc0b21 | B16: مصروف المخالفات المرورية | C16: المصروفات | D16: 65200 | E16: 0 | F16: =D16-E16 -> 65200 | G16: =F16 -> 65200 | H16: 5 | I16: 9
A17: TVF-PAY-24bc0b21 | B17: مخالفات مرورية مستحقة الدفع | C17: الالتزامات | D17: 0 | E17: 65200 | F17: =D17-E17 -> -65200 | G17: =-F17 -> 65200 | H17: 5 | I17: 9
B18: إجمالي الحركة | D18: =SUM(D2:D17) -> 66409341 | E18: =SUM(E2:E17) -> 66409341 | F18: =SUM(F2:F17) -> 0 | I18: =SUM(I2:I17) -> 38062

Sheet المركز 2026 أغسطس
A1: مسودة قائمة المركز المالي | B1: 2026-08-31
A2: غير مدققة وغير معتمدة | B2: QAR
A3: البند | B3: رمز الحساب | C3: المبلغ
A4: الأصول
A5: النقدية والبنك | B5: 1010 | C5: ='أرصدة 2026 أغسطس'!G2 -> 389725.98
A6: صندوق الفرع الرئيسي | B6: 11111 | C6: ='أرصدة 2026 أغسطس'!G3 -> 1529613
A7: البنك التجاري - حساب الجاري | B7: 11151 | C7: ='أرصدة 2026 أغسطس'!G4 -> 2688833.6
A8: ايجار منتهي بالتملك | B8: 11211 | C8: ='أرصدة 2026 أغسطس'!G5 -> -1405371.7
A9: عملاء أفراد - متأخرات | B9: 11213 | C9: ='أرصدة 2026 أغسطس'!G6 -> 165900
A10: شيكات البنك التجاري | B10: 11521 | C10: ='أرصدة 2026 أغسطس'!G7 -> 76846
A11: ضمانات نقدية - أفراد | B11: 11611 | C11: ='أرصدة 2026 أغسطس'!G8 -> 0
A12: ذمم العملاء | B12: 1200 | C12: ='أرصدة 2026 أغسطس'!G9 -> 17326672
A13: إجمالي الأصول | C13: =SUM(C5:C12) -> 20772219
A14: الالتزامات
A15: دفعات مقدمة من العملاء | B15: 20201 | C15: ='أرصدة 2026 أغسطس'!G10 -> 2236660.9
A16: مخالفات مرورية مستحقة الدفع | B16: TVF-PAY-24bc0b21 | C16: ='أرصدة 2026 أغسطس'!G17 -> 65200
A17: إجمالي الالتزامات | C17: =SUM(C15:C16) -> 2301860.9
A18: حقوق الملكية
A19: الأرباح المحتجزة | B19: 3100 | C19: ='أرصدة 2026 أغسطس'!G11 -> 14623472
A20: إجمالي حقوق الملكية | C20: =SUM(C19:C19) -> 14623472
A21: صافي الإيرادات والمصروفات غير المقفلة | C21: =SUMIF('أرصدة 2026 أغسطس'!C2:C17,"الإيرادات",'أرصدة 2026 أغسطس'!G2:G17)-SUMIF('أرصدة 2026 أغسطس'!C2:C17,"المصروفات",'أرصدة 2026 أغسطس'!G2:G17) -> 3846886.2
A22: حقوق الملكية شاملة النتيجة غير المقفلة | C22: =C20+C21 -> 18470358
A23: إجمالي الالتزامات وحقوق الملكية | C23: =C17+C22 -> 20772219
A24: فرق المعادلة | C24: =C13-C23 -> 0

Sheet ملاحظات المراجعة
A1: التاريخ | B1: الملاحظة
A2: 2025-12-31 | B2: لا تظهر أرصدة مرحلة للسيارات والأصول الثابتة أو مجمع الإهلاك أو رأس المال. ومن سجل الأسطول الحالي، تفتقد 221 مركبة من أصل 223 تاريخ الشراء وتكلفته، مع أصلين ثابتين فقط بقيمة إجمالية 170,000 ر.ق. هذا فحص اكتمال للسجل الحالي، وليس حصرًا تاريخيًا لملكية المركبات؛ يلزم مستندات وسجل أصول معتمد.
A3: 2025-12-31 | B3: حساب 11211 «إيجار منتهي بالتملك» مصنف أصلًا، ورصيده دائن بمبلغ 2,755,382.61 ر.ق. أُبقي بإشارته السالبة داخل الأصول؛ يلزم تفسيره ومراجعة تصنيفه قبل الاعتماد.
A4: 2025-12-31 | B4: استُبعدت 86 مسودة قيد مؤرخة حتى تاريخ القائمة. يجب تحديد ما يخص الفترة منها وما يلزم تصحيحه أو ترحيله بعد المراجعة.
A5: 2025-12-31 | B5: توجد حركات على حسابات من المستوى الثاني، وتفتقر معظم الحسابات ذات الحركة إلى تصنيف فرعي. يلزم مراجعة حسابات الترحيل وتصنيف المتداول وغير المتداول. لا توجد ضمن الحركات المستخرجة مصروفات رواتب أو إيجار أو تأمين أو وقود أو إهلاك؛ غيابها لا يثبت عدم تحمل الشركة لها.
A6: 2025-12-31 | B6: لم تُطابق الأرصدة مع كشوف البنوك والصندوق أو كشوف العملاء والموردين، ولم يُتحقق من اكتمال المصروفات والرواتب والقروض والالتزامات. توازن الأرقام وحده لا يثبت اكتمالها أو صحتها المستندية.
A7: 2025-12-31 | B7: لا يظهر رصيد مرحّل في حسابات حقوق الملكية حتى نهاية 2025. تظهر حقوق الملكية في هذه المسودة من صافي أرصدة الإيرادات والمصروفات غير المقفلة؛ وهذا لا يثبت رأس المال الفعلي أو صحة تسويات الإقفال.
A8: 2025-12-31 | B8: توجد 2,480 قيود أصلية مشمولة عُكست بقيود مؤرخة بعد تاريخ القائمة. أُبقي الأصل حتى تاريخ عكسه وفق التاريخ المحاسبي المسجل؛ يلزم تقييم التصحيحات اللاحقة قبل اعتماد قائمة معدلة عن الفترة.
A9: 2026-08-31 | B9: لا تظهر أرصدة مرحلة للسيارات والأصول الثابتة أو مجمع الإهلاك أو رأس المال. ومن سجل الأسطول الحالي، تفتقد 221 مركبة من أصل 223 تاريخ الشراء وتكلفته، مع أصلين ثابتين فقط بقيمة إجمالية 170,000 ر.ق. هذا فحص اكتمال للسجل الحالي، وليس حصرًا تاريخيًا لملكية المركبات؛ يلزم مستندات وسجل أصول معتمد.
A10: 2026-08-31 | B10: حساب 11211 «إيجار منتهي بالتملك» مصنف أصلًا، ورصيده دائن بمبلغ 1,405,371.70 ر.ق. أُبقي بإشارته السالبة داخل الأصول؛ يلزم تفسيره ومراجعة تصنيفه قبل الاعتماد.
A11: 2026-08-31 | B11: استُبعدت 356 مسودة قيد مؤرخة حتى تاريخ القائمة. يجب تحديد ما يخص الفترة منها وما يلزم تصحيحه أو ترحيله بعد المراجعة.
A12: 2026-08-31 | B12: توجد حركات على حسابات من المستوى الثاني، وتفتقر معظم الحسابات ذات الحركة إلى تصنيف فرعي. يلزم مراجعة حسابات الترحيل وتصنيف المتداول وغير المتداول. لا توجد ضمن الحركات المستخرجة مصروفات رواتب أو إيجار أو تأمين أو وقود أو إهلاك؛ غيابها لا يثبت عدم تحمل الشركة لها.
... A16: المنهج | B16: قائمة 2026 حتى أغسطس وليست نهاية السنة. لا يُدّعى اكتمال القوائم أو مطابقتها لجميع متطلبات IFRS.

Sheet ملخص القيم عند الاستخراج
A1: البند | B1: 2025-12-31 | C1: 2026-08-31
A2: إجمالي الأصول | B2: 10298179 | C2: 20772219
A3: إجمالي الالتزامات | B3: 1499975 | C3: 2301860.9
A4: حسابات حقوق الملكية | B4: 0 | C4: 14623472
A5: النتيجة غير المقفلة | B5: 8798204.2 | C5: 3846886.2
A6: حقوق الملكية شاملة النتيجة | B6: 8798204.2 | C6: 18470358
A7: الالتزامات وحقوق الملكية | B7: 10298179 | C7: 20772219
A8: فرق المعادلة | B8: 0 | C8: 0
A9: قيم ثابتة وقت الاستخراج؛ الحسابات التفصيلية في الأوراق الأخرى
